<ROSETTASCRIPTS>
    <TASKOPERATIONS>
    </TASKOPERATIONS>
    <SCOREFXNS>
      <ScoreFunction name="stage1" weights="input_files/wts/stage1_membrane.wts" symmetric="0">
        <Reweight scoretype="atom_pair_constraint" weight="1"/>
      </ScoreFunction>
      <ScoreFunction name="stage2" weights="input_files/wts/stage2_membrane.wts" symmetric="0">
        <Reweight scoretype="atom_pair_constraint" weight="0.5"/>
      </ScoreFunction>
      <ScoreFunction name="fullatom" weights="input_files/wts/stage3_rlx_membrane.wts" symmetric="0">
        <Reweight scoretype="atom_pair_constraint" weight="0.5"/>
      </ScoreFunction>
      <ScoreFunction name="membrane" weights="membrane_highres_Menv_smooth" symmetric="0">
        <Reweight scoretype="cart_bonded" weight="0.5"/>
        <Reweight scoretype="pro_close" weight="0"/>
	</ScoreFunction>
	<ScoreFunction name="REF2015" weights="./input_files/wts/ref2015.wts"/>
    </SCOREFXNS>
    <FILTERS>
    </FILTERS>
    <MOVERS>
        <Hybridize name="hybridize" stage1_scorefxn="stage1" stage2_scorefxn="stage2" fa_scorefxn="fullatom" batch="1" stage1_increase_cycles="1.0" stage2_increase_cycles="1.0" linmin_only="1"  >
        <Fragments three_mers="./input_files/frags/crtz.3mers" nine_mers="./input_files/frags/crtz.9mers"/>
	<Template pdb="./input_files/threaded_pdbs/4zr0.pdb" cst_file="AUTO" weight="1.000" />
	</Hybridize>
	 <PackRotamersMover name="repack" scorefxn="REF2015" />
        <MinMover name="minimize_sc" scorefxn="REF2015" chi="1" bb="0" jump="0" type="dfpmin_armijo_nonmonotone" tolerance="0.0001" />
    <ClearConstraintsMover name="remove_csts"/>
    </MOVERS>
    <APPLY_TO_POSE>
    </APPLY_TO_POSE>
    <PROTOCOLS>
        <Add mover="hybridize"/>
	<Add mover="remove_csts"/>
	<Add mover="repack" />
        <Add mover="minimize_sc" />
        <Add mover="repack" />
        <Add mover="minimize_sc" />
    </PROTOCOLS>
<OUTPUT scorefxn="membrane"/>
</ROSETTASCRIPTS>
