<ROSETTASCRIPTS>
    <TASKOPERATIONS>
    </TASKOPERATIONS>
    <RESIDUE_SELECTORS>
    </RESIDUE_SELECTORS>
    <SCOREFXNS>
      <ScoreFunction name="stage1" weights="input_files/wts/stage1_membrane.wts" symmetric="0">
        <Reweight scoretype="atom_pair_constraint" weight="1"/>
      </ScoreFunction>
      <ScoreFunction name="stage2" weights="input_files/wts/stage2_membrane.wts" symmetric="0">
        <Reweight scoretype="atom_pair_constraint" weight="0.5"/>
      </ScoreFunction>
      <ScoreFunction name="fullatom" weights="input_files/wts/stage3_rlx_membrane.wts" symmetric="0">
        <Reweight scoretype="atom_pair_constraint" weight="0.5"/>
      </ScoreFunction>
      <ScoreFunction name="membrane" weights="membrane_highres_Menv_smooth" symmetric="0">
        <Reweight scoretype="cart_bonded" weight="0.5"/>
        <Reweight scoretype="pro_close" weight="0"/>
	 <Reweight scoretype="atom_pair_constraint" weight="0.5"/>
	</ScoreFunction>
    </SCOREFXNS>
    <FILTERS>
    </FILTERS>
    <MOVERS>
          AddMembraneMover name="add_memb" 
        	 <Hybridize name="hybridize" stage1_scorefxn="stage1" stage2_scorefxn="stage2" fa_scorefxn="fullatom" batch="1" stage1_increase_cycles="0.5" stage2_increase_cycles="0.5" linmin_only="1" add_hetatm="0" hetatm_to_protein_cst_weight="0"  >
       			<Fragments three_mers="./input_files/frags/gorillaGYPA.9mers" nine_mers="./input_files/frags/gorillaGYPA.9mers" />
	          	<Template pdb="./input_files/threaded_pdbs/5eh6_A.gorilla.pdb" cst_file="AUTO" weight="1.000" />
	       </Hybridize>
    </MOVERS>
    <APPLY_TO_POSE>
    </APPLY_TO_POSE>
    <PROTOCOLS>	
      Add mover="add_memb"
	    <Add mover="hybridize"/>
    </PROTOCOLS>
<OUTPUT scorefxn="membrane"/>
</ROSETTASCRIPTS>
